Date, Open, High, Low, Close
3/9/2016,16969.17,17048.5,16947.94,17000.36
3/10/2016,17006.05,17130.11,16821.86,16995.13
3/11/2016,17014.99,17220.09,17014.99,17213.31
3/14/2016,17207.49,17275.07,17161.16,17229.13
3/15/2016,17217.15,17251.7,17120.35,17251.53
3/16/2016,17249.34,17379.18,17204.07,17325.76
3/17/2016,17321.38,17529.01,17297.65,17481.49
3/18/2016,17481.49,17620.58,17481.49,17602.3
3/21/2016,17589.7,17644.97,17551.28,17623.87
3/22/2016,17602.71,17648.94,17540.42,17582.57
3/23/2016,17588.81,17588.81,17486.27,17502.59
3/24/2016,17485.33,17517.14,17399.01,17515.73
3/28/2016,17526.08,17583.81,17493.03,17535.39
3/29/2016,17512.58,17642.81,17434.27,17633.11
3/30/2016,17652.36,17790.11,17652.36,17716.66
3/31/2016,17716.05,17755.7,17669.72,17685.09
4/1/2016,17661.74,17811.48,17568.02,17792.75
4/4/2016,17799.39,17806.38,17710.67,17737
4/5/2016,17718.03,17718.03,17579.56,17603.32
4/6/2016,17605.45,17723.55,17542.54,17716.05
4/7/2016,17687.28,17687.28,17484.23,17541.96
4/8/2016,17555.39,17694.51,17528.16,17576.96
4/11/2016,17586.48,17731.63,17555.9,17556.41
4/12/2016,17571.34,17744.43,17553.57,17721.25
4/13/2016,17741.66,17918.35,17741.66,17908.28
4/14/2016,17912.25,17962.14,17885.44,17926.43
4/15/2016,17925.95,17937.65,17867.41,17897.46
4/18/2016,17890.2,18009.53,17848.22,18004.16
4/19/2016,18012.1,18103.46,17984.43,18053.6
4/20/2016,18059.49,18167.63,18031.21,18096.27
4/21/2016,18092.84,18107.29,17963.89,17982.52
4/22/2016,17985.05,18026.85,17909.89,18003.75
4/25/2016,17990.94,17990.94,17855.55,17977.24
4/26/2016,17987.38,18043.77,17934.17,17990.32
4/27/2016,17996.14,18084.66,17920.26,18041.55
4/28/2016,18023.88,18035.73,17796.55,17830.76
4/29/2016,17813.09,17814.83,17651.98,17773.64
5/2/2016,17783.78,17912.35,17773.71,17891.16
5/3/2016,17870.75,17870.75,17670.88,17750.91
5/4/2016,17735.02,17738.06,17609.01,17651.26
5/5/2016,17664.48,17736.11,17615.82,17660.71
5/6/2016,17650.3,17744.54,17580.38,17740.63
5/9/2016,17743.85,17783.16,17668.38,17705.91
5/10/2016,17726.66,17934.61,17726.66,17928.35
5/11/2016,17919.03,17919.03,17711.05,17711.12
5/12/2016,17722.01,17798.19,17625.38,17720.5
5/13/2016,17711.12,17734.74,17512.48,17535.32
5/16/2016,17531.76,17755.8,17531.76,17710.71
5/17/2016,17701.46,17701.46,17469.92,17529.98
5/18/2016,17501.28,17636.22,17418.21,17526.62
5/19/2016,17514.16,17514.16,17331.07,17435.4
5/20/2016,17437.32,17571.75,17437.32,17500.94
5/23/2016,17507.04,17550.7,17480.05,17492.93
5/24/2016,17525.19,17742.59,17525.19,17706.05
5/25/2016,17735.09,17891.71,17735.09,17851.51
5/26/2016,17859.52,17888.66,17803.82,17828.29
5/27/2016,17826.85,17873.22,17824.73,17873.22
5/31/2016,17891.5,17899.24,17724.03,17787.2
6/1/2016,17754.55,17809.18,17664.79,17789.67
6/2/2016,17789.05,17838.56,17703.55,17838.56
6/3/2016,17799.8,17833.17,17689.68,17807.06
6/6/2016,17825.69,17949.68,17822.81,17920.33
6/7/2016,17936.22,18003.23,17936.22,17938.28
6/8/2016,17931.91,18016,17931.91,18005.05
6/9/2016,17969.98,18005.22,17915.88,17985.19
6/10/2016,17938.82,17938.82,17812.34,17865.34
6/13/2016,17830.5,17893.28,17731.35,17732.48
6/14/2016,17710.77,17733.92,17595.79,17674.82
6/15/2016,17703.65,17762.96,17629.01,17640.17
6/16/2016,17602.23,17754.91,17471.29,17733.1
6/17/2016,17733.44,17733.44,17602.78,17675.16
6/20/2016,17736.87,17946.36,17736.87,17804.87
6/21/2016,17827.33,17877.84,17799.8,17829.73
6/22/2016,17832.67,17920.16,17770.36,17780.83
6/23/2016,17844.11,18011.07,17844.11,18011.07
6/24/2016,17946.63,17946.63,17356.34,17400.75
6/27/2016,17355.21,17355.21,17063.08,17140.24
6/28/2016,17190.51,17409.72,17190.51,17409.72
6/29/2016,17456.02,17704.51,17456.02,17694.68
6/30/2016,17712.76,17930.61,17711.8,17929.99
7/1/2016,17924.24,18002.38,17916.91,17949.37
7/5/2016,17904.45,17904.45,17785.28,17840.62
7/6/2016,17807.47,17926.91,17713.45,17918.62
7/7/2016,17924.24,17984.95,17816.65,17895.88
7/8/2016,17971.22,18166.77,17971.22,18146.74
7/11/2016,18161.53,18283.9,18161.53,18226.93
7/12/2016,18259.12,18371.95,18259.12,18347.67
7/13/2016,18356.78,18390.16,18315.76,18372.12
7/14/2016,18414.3,18537.57,18414.3,18506.41
7/15/2016,18508.88,18557.43,18471.62,18516.55
7/18/2016,18521.55,18556.13,18489.84,18533.05
7/19/2016,18503.12,18562.53,18495.11,18559.01
7/20/2016,18582.7,18622.01,18555.65,18595.03
7/21/2016,18589.96,18590.44,18469.67,18517.23
7/22/2016,18524.15,18571.3,18491.59,18570.85
7/25/2016,18554.49,18555.69,18452.62,18493.06
7/26/2016,18497.37,18522.47,18387.22,18473.75
7/27/2016,18473.27,18542.39,18430.94,18472.17
7/28/2016,18461.01,18483.26,18368.82,18456.35
7/29/2016,18442.52,18466.55,18371.12,18432.24
8/1/2016,18434.5,18467.03,18355.75,18404.51
8/2/2016,18401.15,18403.65,18247.79,18313.77
8/3/2016,18313.08,18355,18283.23,18355
8/4/2016,18351.43,18397.87,18325.17,18352.05
8/5/2016,18402.8,18543.53,18402.8,18543.53
8/8/2016,18540.65,18569.31,18502.03,18529.29
8/9/2016,18538.05,18585.32,18507.75,18533.05
8/10/2016,18541.48,18561.75,18468.78,18495.66
8/11/2016,18519.08,18638.34,18519.08,18613.52
8/12/2016,18595.65,18606.06,18535.86,18576.47
8/15/2016,18588.59,18668.44,18588.59,18636.05
8/16/2016,18614.48,18614.86,18550.65,18552.02
8/17/2016,18537.09,18582.35,18468.68,18573.94
8/18/2016,18566.54,18600.82,18533.29,18597.7
8/19/2016,18585.17,18585.17,18491.24,18552.57
8/22/2016,18535.86,18570.92,18466.86,18529.42
8/23/2016,18568.94,18631.6,18545.52,18547.3
8/24/2016,18537.5,18539.15,18448.27,18481.48
8/25/2016,18471.21,18497.68,18431.46,18448.41
8/26/2016,18467.92,18572.09,18335.34,18395.4
8/29/2016,18421.29,18523.09,18419.92,18502.99
8/30/2016,18491.28,18514.29,18408.52,18454.3
8/31/2016,18436.7,18439.68,18333.56,18400.88
9/1/2016,18396.57,18430.05,18295.48,18419.3
9/2/2016,18466.01,18544.76,18439.1,18491.96
9/6/2016,18493.4,18551.54,18450.32,18538.12
9/7/2016,18527.71,18536.89,18474.77,18526.14
9/8/2016,18486.69,18506.24,18446.69,18479.91
9/9/2016,18404.17,18404.17,18085.45,18085.45
9/12/2016,18028.95,18358.69,17994.84,18325.07
9/13/2016,18262.99,18262.99,18028.06,18066.75
9/14/2016,18073.39,18163.48,17992.21,18034.77
9/15/2016,18024.91,18250.11,18015.49,18212.48
9/16/2016,18217.21,18217.21,18070.21,18123.8
9/19/2016,18154.82,18254.88,18093.05,18120.17
9/20/2016,18175.36,18227.21,18128.8,18129.96
9/21/2016,18164.96,18307.43,18121.57,18293.7
9/22/2016,18343.76,18449.88,18343.76,18392.46
9/23/2016,18377.36,18383.76,18254.84,18261.45
9/26/2016,18217.76,18217.76,18083.32,18094.83
9/27/2016,18099.21,18238.1,18052.16,18228.3
9/28/2016,18240.22,18349.86,18179.34,18339.24
9/29/2016,18322.88,18366.23,18091.64,18143.45
9/30/2016,18181.8,18369.62,18181.8,18308.15
10/3/2016,18279.6,18279.8,18203.75,18253.85
10/4/2016,18267.68,18313.77,18116.26,18168.45
10/5/2016,18205.5,18315.82,18205.5,18281.03
10/6/2016,18280.42,18288.12,18162.97,18268.5
10/7/2016,18295.35,18319.73,18149.35,18240.49
10/10/2016,18282.95,18399.96,18282.95,18329.04
10/11/2016,18308.43,18312.33,18061.96,18128.66
10/12/2016,18132.63,18193.96,18082.09,18144.2
10/13/2016,18088.32,18137.7,17959.95,18098.94
10/14/2016,18177.35,18261.11,18138.38,18138.38
10/17/2016,18135.85,18162.28,18063.02,18086.4
10/18/2016,18145.06,18225.8,18129.45,18161.94
10/19/2016,18178.21,18252.2,18169.25,18202.62
10/20/2016,18161.87,18249.05,18129.07,18162.35
10/21/2016,18152.63,18168.76,18049.77,18145.71
10/24/2016,18197.14,18275.04,18191.18,18223.03
10/25/2016,18206.52,18241.69,18151.7,18169.27
10/26/2016,18103.8,18236.04,18062.3,18199.33
10/27/2016,18234.81,18253.2,18149.2,18169.68
10/28/2016,18193.79,18257.06,18094.97,18161.19
10/31/2016,18176.6,18193.68,18130.58,18142.42
11/1/2016,18158.24,18177.01,17940.84,18037.1
11/2/2016,18017.72,18044.15,17931.89,17959.64
11/3/2016,17978.75,18006.96,17904.07,17930.67
11/4/2016,17928.35,17986.76,17883.56,17888.28
11/7/2016,17994.64,18263.3,17994.64,18259.6
11/8/2016,18251.38,18400.5,18200.75,18332.74
11/9/2016,18317.26,18650.06,18252.55,18589.69
11/10/2016,18603.14,18873.66,18603.14,18807.88
11/11/2016,18781.65,18855.78,18736.96,18847.66
11/14/2016,18876.77,18934.05,18815.75,18868.69
11/15/2016,18858.21,18925.26,18806.06,18923.06
11/16/2016,18909.85,18909.85,18825.89,18868.14
11/17/2016,18866.22,18904.03,18845.27,18903.82
11/18/2016,18905.33,18915.74,18853.83,18867.93
11/21/2016,18898.68,18960.76,18883.1,18956.69
11/22/2016,18970.39,19043.9,18962.82,19023.87
11/23/2016,19015.52,19083.76,19000.38,19083.18
11/25/2016,19093.72,19152.14,19093.72,19152.14
11/28/2016,19122.14,19138.72,19072.25,19097.9
11/29/2016,19064.07,19144.4,19062.22,19121.6
11/30/2016,19135.64,19225.29,19123.38,19123.58
12/1/2016,19149.2,19214.3,19138.79,19191.93
12/2/2016,19161.25,19196.14,19141.18,19170.42
12/5/2016,19244.35,19274.85,19186.73,19216.24
12/6/2016,19219.91,19255.89,19184.74,19251.78
12/7/2016,19241.99,19558.42,19229.83,19549.62
12/8/2016,19559.94,19664.97,19527.83,19614.81
12/9/2016,19631.35,19757.74,19623.19,19756.85
12/12/2016,19770.2,19824.59,19747.74,19796.43
12/13/2016,19852.21,19953.75,19846.45,19911.21
12/14/2016,19876.13,19966.43,19748.67,19792.53
12/15/2016,19811.5,19951.29,19811.5,19852.24
12/16/2016,19909.01,19923.17,19821,19843.41
12/19/2016,19836.66,19917.78,19832.95,19883.06
12/20/2016,19920.59,19987.63,19920.42,19974.62
12/21/2016,19968.97,19986.56,19941.96,19941.96
12/22/2016,19922.68,19933.83,19882.19,19918.88
12/23/2016,19908.61,19934.15,19899.06,19933.81
12/27/2016,19943.46,19980.24,19939.8,19945.04
12/28/2016,19964.31,19981.11,19827.31,19833.68
12/29/2016,19835.46,19878.44,19788.94,19819.78
12/30/2016,19833.17,19852.55,19718.67,19762.6
1/3/2017,19872.86,19938.53,19775.93,19881.76
1/4/2017,19890.94,19956.14,19878.83,19942.16
1/5/2017,19924.56,19948.6,19811.12,19899.29
1/6/2017,19906.96,19999.63,19834.08,19963.8
1/9/2017,19931.41,19943.78,19887.38,19887.38
1/10/2017,19876.35,19957.12,19836.03,19855.53
1/11/2017,19887.38,19973.42,19833.16,19954.28
1/12/2017,19926.21,19929.29,19770.47,19891
1/13/2017,19912.54,19952.03,19849.38,19885.73
1/17/2017,19848.82,19882.99,19775.35,19826.77
1/18/2017,19822.73,19828.2,19739,19804.72
1/19/2017,19813.55,19824.14,19677.94,19732.4
1/20/2017,19795.06,19843.94,19759.14,19827.25
1/23/2017,19794.79,19833.98,19732.36,19799.85
1/24/2017,19794.68,19949.24,19786.71,19912.71
1/25/2017,19994.48,20082,19994.48,20068.51
1/26/2017,20076.25,20125.58,20067.53,20100.91
1/27/2017,20103.36,20115.97,20072.64,20093.78
1/30/2017,20028.62,20028.62,19870.39,19971.13
1/31/2017,19913.16,19918.17,19784.77,19864.09
2/1/2017,19923.81,19967.73,19845.99,19890.94
2/2/2017,19858.34,19922.75,19831.09,19884.91
2/3/2017,19964.21,20081.48,19964.21,20071.46
2/6/2017,20025.61,20094.95,20002.81,20052.42
2/7/2017,20107.62,20155.35,20068.68,20090.29
2/8/2017,20049.29,20068.28,20015.33,20054.34
2/9/2017,20061.73,20206.36,20061.73,20172.4
2/10/2017,20211.23,20298.21,20204.76,20269.37
2/13/2017,20338.54,20441.48,20322.95,20412.16
2/14/2017,20374.22,20504.41,20374.02,20504.41
2/15/2017,20504.27,20620.45,20496.03,20611.86
2/16/2017,20627.31,20639.87,20556.83,20619.77
2/17/2017,20564.13,20624.05,20532.61,20624.05
2/21/2017,20663.43,20757.64,20663.37,20743
2/22/2017,20715.41,20781.59,20692.39,20775.6
2/23/2017,20817.21,20840.7,20746.41,20810.32
2/24/2017,20751.91,20821.76,20733.95,20821.76
2/27/2017,20808.71,20851.33,20774.76,20837.44
2/28/2017,20833.88,20841.24,20781.21,20812.24
3/1/2017,20957.29,21169.11,20957.29,21115.55
3/2/2017,21128.91,21129.2,20996.61,21002.97
3/3/2017,21008.75,21039.96,20953.86,21005.71
3/6/2017,20955.71,20986.43,20912.11,20954.34
3/7/2017,20934.89,20970.54,20901.26,20924.76
3/8/2017,20940.44,20951.44,20835.58,20855.73
3/9/2017,20864.32,20900.57,20777.16,20858.19
3/10/2017,20919.01,20940.29,20827.66,20902.98
3/13/2017,20899.28,20926.06,20845.71,20881.48
3/14/2017,20848.6,20874,20786.31,20837.37
3/15/2017,20874.78,20977.47,20859.6,20950.1
3/16/2017,20969.27,21000.11,20893.5,20934.55
3/17/2017,20965.37,20980.51,20911.07,20914.62
3/20/2017,20916.27,20955.45,20885.7,20905.86
3/21/2017,20956.33,20970.04,20653.26,20668.01
3/22/2017,20640.42,20686.21,20578.95,20661.3
3/23/2017,20645.07,20757.89,20618.62,20656.58
3/24/2017,20674.45,20718.33,20529.67,20596.72
3/27/2017,20488.35,20578.46,20412.8,20550.98
3/28/2017,20542.14,20735.61,20520.1,20701.5
3/29/2017,20675.75,20684.73,20625.03,20659.32
3/30/2017,20662.79,20753.78,20643.6,20728.49
3/31/2017,20700.34,20722.59,20660.68,20663.22
4/3/2017,20665.17,20692.34,20517.82,20650.21
4/4/2017,20634.94,20701.29,20605.3,20689.24
4/5/2017,20745.06,20887.5,20639.55,20648.15
4/6/2017,20653.77,20746.46,20612.17,20662.95
4/7/2017,20647.81,20726.07,20606.95,20656.1
4/10/2017,20668.22,20750.33,20614.86,20658.02
4/11/2017,20644.32,20660.03,20512.56,20651.3
4/12/2017,20637.95,20642.54,20553.03,20591.86
4/13/2017,20561.69,20612.27,20453.25,20453.25
4/17/2017,20484.75,20644.41,20484.75,20636.92
4/18/2017,20561.39,20600.12,20462.28,20523.28
4/19/2017,20503.52,20546.69,20379.55,20404.49
4/20/2017,20406.68,20629.78,20406.68,20578.71
4/21/2017,20578.1,20601.4,20505.33,20547.76
4/24/2017,20723.59,20792.2,20723.59,20763.89
4/25/2017,20915.51,21026.97,20909.38,20996.12
4/26/2017,21009.95,21070.9,20972.27,20975.09
4/27/2017,20991.12,21005.8,20935.8,20981.33
4/28/2017,20987.39,20987.76,20926.75,20940.51
5/1/2017,20962.73,20976.62,20898.38,20913.46
5/2/2017,20941.19,20960.92,20904.06,20949.89
5/3/2017,20915,20972.74,20874.18,20957.9
5/4/2017,20987.83,20990.79,20847.95,20951.47
5/5/2017,20929.04,21006.94,20905,21006.94
5/8/2017,20991.26,21017.89,20971.05,21012.28
5/9/2017,21022.28,21046.85,20938.04,20975.78
5/10/2017,20958.49,20976.28,20884.15,20943.11
5/11/2017,20925.72,20933.36,20798.9,20919.42
5/12/2017,20893.19,20916.1,20869.74,20896.61
5/15/2017,20923.63,21000.83,20923.63,20981.94
5/16/2017,20984.48,21033.53,20932.88,20979.75
5/17/2017,20846.17,20846.17,20601.08,20606.93
5/18/2017,20579.65,20759.2,20553.45,20663.02
5/19/2017,20698.28,20857.13,20687.94,20804.84
5/22/2017,20867.77,20914.26,20860.16,20894.83
5/23/2017,20908.67,20961.14,20896.22,20937.91
5/24/2017,20949.21,21022.82,20933.58,21012.42
5/25/2017,21062.96,21112.32,21051.41,21082.95
5/26/2017,21070.15,21092.82,21050.49,21080.28
5/30/2017,21045.49,21063.62,21009.6,21029.47
5/31/2017,21048.46,21051.7,20942.57,21008.65
6/1/2017,21030.55,21144.18,20994.22,21144.18
6/2/2017,21142.09,21225.04,21129.56,21206.29
6/5/2017,21195.03,21224.41,21168.69,21184.04
6/6/2017,21145.48,21180.47,21118.46,21136.23
6/7/2017,21171.57,21189.84,21113.31,21173.69
6/8/2017,21169.76,21265.69,21138.16,21182.53
6/9/2017,21208.96,21305.35,21159.45,21271.97
6/12/2017,21259.95,21277.08,21186.15,21235.67
6/13/2017,21256.83,21332.77,21256.83,21328.47
6/14/2017,21342.71,21391.97,21294.09,21374.56
6/15/2017,21291.69,21367.28,21261.87,21359.9
6/16/2017,21335.93,21384.42,21308.01,21384.28
6/19/2017,21444.75,21528.99,21436.08,21528.99
6/20/2017,21521.25,21535.03,21464.24,21467.14
6/21/2017,21466.39,21492.62,21390,21410.03
6/22/2017,21407.98,21456.47,21394.81,21397.29
6/23/2017,21380.92,21421.79,21333.89,21394.76
6/26/2017,21434.68,21506.21,21381.25,21409.55
6/27/2017,21411.19,21440.6,21310.66,21310.66
6/28/2017,21372.36,21478.75,21372.36,21454.61
6/29/2017,21487.38,21487.38,21197.08,21287.03
6/30/2017,21348.6,21426.12,21325.08,21349.63
7/3/2017,21392.3,21562.75,21391.71,21479.27
7/5/2017,21492.83,21505.36,21404.76,21478.17
7/6/2017,21423.93,21433.1,21305.38,21320.04
7/7/2017,21354.66,21425.82,21350.72,21414.34
7/10/2017,21381.23,21446.39,21371.11,21408.52
7/11/2017,21410.17,21441.62,21279.3,21409.07
7/12/2017,21467.93,21580.79,21467.93,21532.14
7/13/2017,21537.19,21568.72,21512.36,21553.09
7/14/2017,21532.77,21681.53,21521.72,21637.74
7/17/2017,21633.97,21661.81,21617.66,21629.72
7/18/2017,21589.94,21589.94,21471.14,21574.73
7/19/2017,21569.25,21640.75,21565.84,21640.75
7/20/2017,21641.54,21661.91,21576.96,21611.78
7/21/2017,21591.72,21592.61,21503.78,21580.07
7/24/2017,21577.78,21577.78,21496.13,21513.17
7/25/2017,21638.56,21670.62,21577.37,21613.43
7/26/2017,21690.38,21742.7,21683.29,21711.01
7/27/2017,21717.42,21798.47,21687.85,21796.55
7/28/2017,21787.51,21841.18,21756.12,21830.31
7/31/2017,21863.39,21929.8,21861.71,21891.12
8/1/2017,21961.42,21990.96,21940.81,21963.92
8/2/2017,22004.36,22036.1,21967.46,22016.24
8/3/2017,22007.58,22044.85,21991.32,22026.1
8/4/2017,22058.39,22092.81,22024.64,22092.81
8/7/2017,22100.2,22121.15,22081.97,22118.42
8/8/2017,22095.14,22179.11,22057.29,22085.34
8/9/2017,22022.34,22057.19,21996.69,22048.7
8/10/2017,21988.2,21988.2,21843.94,21844.01
8/11/2017,21883.32,21911.09,21842.74,21858.32
8/14/2017,21945.64,22019.23,21945.64,21993.71
8/15/2017,22029.91,22038.92,21971.48,21998.99
8/16/2017,22031.93,22085.71,22002.47,22024.87
8/17/2017,21984.74,21984.74,21750.32,21750.73
8/18/2017,21724.88,21793.35,21641.63,21674.51
8/21/2017,21671.36,21718.74,21600.34,21703.75
8/22/2017,21739.78,21912.83,21738.13,21899.89
8/23/2017,21850.27,21866.66,21808.39,21812.09
8/24/2017,21839.9,21870.11,21765.82,21783.4
8/25/2017,21819.08,21906.86,21812.81,21813.67
8/28/2017,21832.5,21861.49,21767.94,21808.4
8/29/2017,21718,21879.22,21673.58,21865.37
8/30/2017,21859.76,21914.26,21839.47,21892.43
8/31/2017,21936.01,21985.76,21910.5,21948.1
9/1/2017,21981.77,22038.97,21974.91,21987.56
9/5/2017,21912.37,21921.09,21709.63,21753.31
9/6/2017,21815.76,21849.24,21794.07,21807.64
9/7/2017,21820.38,21850.01,21745.71,21784.78
9/8/2017,21764.43,21846.63,21731.12,21797.79
9/11/2017,21927.79,22067.1,21927.79,22057.37
9/12/2017,22090.56,22134.57,22087.09,22118.86
9/13/2017,22103.47,22158.18,22095.79,22158.18
9/14/2017,22144.96,22216.44,22135.26,22203.48
9/15/2017,22252.44,22275.02,22214.52,22268.34
9/18/2017,22297.92,22355.62,22283.35,22331.35
9/19/2017,22349.7,22386.01,22340.71,22370.8
9/20/2017,22351.38,22413.26,22314.68,22412.59
9/21/2017,22414.02,22419.51,22356.55,22359.23
9/22/2017,22334.07,22364.31,22299.58,22349.59
9/25/2017,22320.47,22359.88,22219.11,22296.09
9/26/2017,22322.03,22369.35,22279.52,22284.32
9/27/2017,22330.93,22371.1,22254.93,22340.71
9/28/2017,22306.83,22394.74,22288.97,22381.2
9/29/2017,22358.47,22405.63,22332.96,22405.09
10/2/2017,22423.47,22559.38,22416,22557.6
10/3/2017,22564.45,22646.32,22562.9,22641.67
10/4/2017,22645.67,22685.94,22632.8,22661.64
10/5/2017,22669.08,22777.04,22655.14,22775.39
10/6/2017,22762.03,22773.67,22730.85,22773.67
10/9/2017,22779.73,22803.37,22739.38,22761.07
10/10/2017,22784.76,22850.51,22770.99,22830.68
10/11/2017,22827.65,22872.89,22821.66,22872.89
10/12/2017,22854.85,22884.82,22821.13,22841.01
10/13/2017,22876.43,22905.33,22855.93,22871.72
10/16/2017,22892.92,22960.12,22887.12,22956.96
10/17/2017,22952.41,23002.2,22948.23,22997.44
10/18/2017,23087.13,23172.93,23086.75,23157.6
10/19/2017,23107.47,23167.24,23052.67,23163.04
10/20/2017,23205.18,23328.84,23201.78,23328.63
10/23/2017,23348.95,23368.37,23273.96,23273.96
10/24/2017,23346.78,23485.25,23343.23,23441.76
10/25/2017,23431.09,23451.51,23251.11,23329.46
10/26/2017,23380.89,23459.84,23380.89,23400.86
10/27/2017,23419.16,23449.4,23353.16,23434.19
10/30/2017,23405.75,23428.75,23327.87,23348.74
10/31/2017,23369.22,23406.35,23334.39,23377.24
11/1/2017,23442.9,23517.71,23388.91,23435.01
11/2/2017,23463.24,23531.38,23350.98,23516.26
11/3/2017,23549.59,23557.06,23481.57,23539.19
11/6/2017,23533.96,23574.86,23520.75,23548.42
11/7/2017,23574.03,23602.12,23484.19,23557.23
11/8/2017,23542.6,23575,23510.56,23563.36
11/9/2017,23492.09,23516.74,23310.02,23461.94
11/10/2017,23432.71,23452.2,23392.96,23422.21
11/13/2017,23367.47,23461.68,23343.34,23439.7
11/14/2017,23388.4,23414.08,23271.57,23409.47
11/15/2017,23334.59,23344.99,23242.75,23271.28
11/16/2017,23365.34,23492.19,23365.34,23458.36
11/17/2017,23433.77,23433.77,23356.01,23358.24
11/20/2017,23370.71,23456.88,23360.58,23430.33
11/21/2017,23500.15,23617.8,23500.15,23590.83
11/22/2017,23597.24,23605.77,23507.61,23526.18
11/24/2017,23552.75,23599.18,23551.59,23557.99
11/27/2017,23552.86,23638.92,23545.02,23580.78
11/28/2017,23625.19,23849.61,23617.11,23836.71
11/29/2017,23883.26,23959.76,23872.59,23940.68
11/30/2017,24013.8,24327.82,24013.8,24272.35
12/1/2017,24305.4,24322.06,23921.9,24231.59
12/4/2017,24424.11,24534.04,24288.19,24290.05
12/5/2017,24335.01,24349.74,24155.28,24180.64
12/6/2017,24171.9,24229.35,24134.49,24140.91
12/7/2017,24116.6,24262.88,24101.24,24211.48
12/8/2017,24263.26,24330.12,24225.5,24329.16
12/11/2017,24338.11,24389.72,24314.74,24386.03
12/12/2017,24452.96,24552.97,24443.83,24504.8
12/13/2017,24525.19,24666.02,24518.3,24585.43
12/14/2017,24631.01,24672.48,24508.66,24508.66
12/15/2017,24585.71,24688.62,24584.44,24651.74
12/18/2017,24739.56,24876.07,24739.56,24792.2
12/19/2017,24834.38,24850.11,24715.6,24754.75
12/20/2017,24838.09,24852.44,24697.11,24726.65
12/21/2017,24778.26,24850.91,24766.27,24782.29
12/22/2017,24764.04,24784.15,24717.51,24754.06
12/26/2017,24715.84,24778.13,24708.42,24746.21
12/27/2017,24766.52,24789.52,24731.68,24774.3
12/28/2017,24807.21,24839.23,24797.13,24837.51
12/29/2017,24849.63,24871.66,24719.22,24719.22
1/2/2018,24809.35,24864.19,24741.7,24824.01
1/3/2018,24850.45,24941.92,24825.55,24922.68
1/4/2018,24964.86,25105.96,24963.27,25075.13
1/5/2018,25114.92,25299.79,25112.01,25295.87
1/8/2018,25308.4,25311.99,25235.41,25283
1/9/2018,25312.05,25439.78,25308.41,25385.8
1/10/2018,25348.13,25404.92,25256.99,25369.13
1/11/2018,25398.6,25575.42,25396.19,25574.73
1/12/2018,25638.39,25810.43,25633.08,25803.19
1/16/2018,25987.62,26086.12,25702.99,25792.86
1/17/2018,25910.78,26130.45,25865.02,26115.65
1/18/2018,26149.55,26153.42,25947.32,26017.81
1/19/2018,25987.35,26071.72,25942.83,26071.72
1/22/2018,26025.32,26215.23,25974.65,26214.6
1/23/2018,26214.87,26246.19,26143.9,26210.81
1/24/2018,26282.07,26392.8,26106.94,26252.12
1/25/2018,26313.06,26458.25,26259.72,26392.79
1/26/2018,26466.74,26616.71,26425.35,26616.71
1/29/2018,26584.28,26608.9,26435.34,26439.48
1/30/2018,26198.45,26256.99,26028.42,26076.89
1/31/2018,26268.17,26338.03,26050.98,26149.39
2/1/2018,26083.04,26306.7,26014.44,26186.71
2/2/2018,26061.79,26061.79,25490.66,25520.96
2/5/2018,25337.87,25520.53,23923.88,24345.75
2/6/2018,24085.17,24946.23,23778.74,24912.77
2/7/2018,24892.87,25293.96,24785.44,24893.35
2/8/2018,24902.3,24903.68,23849.23,23860.46
2/9/2018,23992.67,24382.14,23360.29,24190.9
2/12/2018,24337.76,24765.16,24290.48,24601.27
2/13/2018,24540.33,24705.72,24421.03,24640.45
2/14/2018,24535.82,24925.95,24490.36,24893.49
2/15/2018,25047.82,25203.95,24809.42,25200.37
2/16/2018,25165.94,25432.42,25149.26,25219.38
2/19/2018,25219.38,25219.38,25219.38,25219.38
2/20/2018,25124.91,25179.01,24884.19,24964.75
2/21/2018,24988.06,25267.99,24792.99,24797.78
2/22/2018,24855.41,25156.72,24854.83,24962.48
2/23/2018,25050.51,25313.91,25028.73,25309.99
2/26/2018,25403.35,25732.8,25398.56,25709.27
2/27/2018,25735.78,25800.35,25407.83,25410.03
2/28/2018,25485.15,25576.15,25022.42,25029.2
3/1/2018,25024.04,25185.35,24442.56,24608.98
3/2/2018,24394.91,24592.46,24217.76,24538.06
3/5/2018,24471.31,24961,24387.15,24874.76
3/6/2018,24965.89,24995.24,24708.41,24884.12
3/7/2018,24758.15,24849.68,24535.12,24801.36
3/8/2018,24853.41,24950.49,24703.05,24895.21
3/9/2018,25004.89,25336.33,25004.89,25335.74
3/12/2018,25372.44,25449.15,25152.02,25178.61
3/13/2018,25257.75,25376.4,24947.5,25007.03
3/14/2018,25086.97,25130.12,24668.83,24758.12
3/15/2018,24837.29,25053.87,24753.29,24873.66
3/16/2018,24877.34,25031,24857.09,24946.51
3/19/2018,24893.69,24893.69,24453.14,24610.91
3/20/2018,24650.64,24803.61,24650.64,24727.27
3/21/2018,24723.49,24977.65,24655.4,24682.31
3/22/2018,24526.01,24526.01,23938.74,23957.89
3/23/2018,23995.18,24108.47,23509.06,23533.2
3/26/2018,23825.74,24232.3,23741.22,24202.6
3/27/2018,24276.62,24446.22,23708.73,23857.71
3/28/2018,23883.08,24092.47,23728.67,23848.42
3/29/2018,23949.18,24314.3,23928.13,24103.11
4/2/2018,24076.6,24123.8,23344.52,23644.19
4/3/2018,23698.33,24044.35,23664.33,24033.36
4/4/2018,23654.15,24308.96,23523.16,24264.3
4/5/2018,24313.91,24622.26,24313.91,24505.22
4/6/2018,24373.6,24434.4,23738.2,23932.76
4/9/2018,24037.52,24373.18,23954.83,23979.1
4/10/2018,24198.95,24511.35,24198.95,24408
4/11/2018,24274.19,24366.57,24150.87,24189.45
4/12/2018,24302.82,24592.12,24302.82,24483.05
4/13/2018,24582.82,24646.45,24243.74,24360.14
4/16/2018,24483.15,24675.36,24480.2,24573.04
4/17/2018,24681.79,24858.97,24681.79,24786.63
4/18/2018,24820.85,24832.54,24721.09,24748.07
4/19/2018,24711.3,24762.48,24557.03,24664.89
4/20/2018,24657.39,24678.07,24375.04,24462.94
4/23/2018,24488.07,24536.89,24328.54,24448.69
4/24/2018,24579.94,24579.94,23828.73,24024.13
4/25/2018,24070.2,24146.34,23823.08,24083.83
4/26/2018,24128.72,24402.46,24128.72,24322.34
4/27/2018,24342.14,24359.38,24194.45,24311.19
4/30/2018,24410.41,24498.23,24163.08,24163.15
5/1/2018,24117.29,24117.29,23808.19,24099.05
5/2/2018,24097.63,24185.52,23886.3,23924.98
5/3/2018,23836.23,23996.15,23531.31,23930.15
5/4/2018,23865.22,24333.35,23778.87,24262.51
5/7/2018,24317.66,24479.45,24263.42,24357.32
5/8/2018,24341.35,24412.34,24198.34,24360.21
5/9/2018,24399.18,24586.48,24323.87,24542.54
5/10/2018,24591.66,24794.99,24575.91,24739.53
5/11/2018,24758.64,24868.65,24717.5,24831.17
5/14/2018,24879.37,24994.19,24862.52,24899.41
5/15/2018,24809.55,24809.55,24629.39,24706.41
5/16/2018,24722.32,24801.19,24672.79,24768.93
5/17/2018,24752.4,24839.49,24639.4,24713.98
5/18/2018,24707.72,24774.97,24664.87,24715.09
5/21/2018,24883.06,25086.49,24883.06,25013.29
5/22/2018,25047.55,25064.99,24812.06,24834.41
5/23/2018,24757.71,24889.46,24667.12,24886.81
5/24/2018,24877.36,24877.36,24605.9,24811.76
5/25/2018,24781.29,24824.22,24687.81,24753.09
5/29/2018,24606.59,24635.18,24247.84,24361.45
5/30/2018,24467.83,24714.48,24459.09,24667.78
5/31/2018,24620.79,24620.79,24352.15,24415.84
6/1/2018,24542.09,24673.6,24542.09,24635.21
6/4/2018,24727.55,24859.37,24722.14,24813.69
6/5/2018,24820.12,24838.78,24710.82,24799.98
6/6/2018,24854.14,25146.46,24854.14,25146.39
6/7/2018,25192.14,25326.09,25164.48,25241.41
6/8/2018,25209.29,25325.63,25165.7,25316.53
6/11/2018,25336.67,25402.83,25290.2,25322.31
6/12/2018,25346.82,25364.37,25247.04,25320.73
6/13/2018,25328.65,25362.07,25191.42,25201.2
6/14/2018,25254.65,25332.5,25138.6,25175.31
6/15/2018,25116.71,25130.82,24894.38,25090.48
6/18/2018,24944.28,25003.1,24825.77,24987.47
6/19/2018,24763.59,24763.59,24567.75,24700.21
6/20/2018,24771.17,24804.76,24628.39,24657.8
6/21/2018,24639.21,24639.21,24406.63,24461.7
6/22/2018,24526.97,24663.18,24526.97,24580.89
6/25/2018,24463.73,24463.73,24084.39,24252.8
6/26/2018,24281.89,24384.21,24241.22,24283.11
6/27/2018,24303.11,24569.02,24115.82,24117.59
6/28/2018,24064.19,24308.16,23997.21,24216.05
6/29/2018,24323.93,24509.52,24269.71,24271.41
7/2/2018,24161.53,24319.42,24077.56,24307.18
7/3/2018,24359.39,24444.88,24150.85,24174.82
7/5/2018,24285.82,24372.8,24177.44,24356.74
7/6/2018,24352.47,24520.29,24281.47,24456.48
7/9/2018,24519.2,24796.52,24518.43,24776.59
7/10/2018,24806.97,24945.38,24806.97,24919.66
7/11/2018,24789.48,24815.16,24663.82,24700.45
7/12/2018,24802.9,24939.97,24802.9,24924.89
7/13/2018,24926.07,25043.21,24890.06,25019.41
7/16/2018,25025.58,25072.41,24979.64,25064.36
7/17/2018,25033.92,25155.39,24989.61,25119.89
7/18/2018,25133.79,25215.32,25101.12,25199.29
7/19/2018,25139.15,25154.17,25052.62,25064.5
7/20/2018,25041.14,25124.1,24986.35,25058.12
7/23/2018,25036.9,25081.45,24983.33,25044.29
7/24/2018,25092.43,25286.62,25092.43,25241.94
7/25/2018,25183.7,25432.87,25113.55,25414.1
7/26/2018,25468.55,25587.24,25463.16,25527.07
7/27/2018,25520.52,25580.22,25370.07,25451.06
7/30/2018,25439.32,25500.16,25287.38,25306.83
7/31/2018,25345.21,25490.98,25345.21,25415.19
8/1/2018,25461.63,25488.8,25278.32,25333.82
8/2/2018,25256.45,25360.48,25120.07,25326.16
8/3/2018,25360.37,25467.9,25325.17,25462.58
8/6/2018,25437.43,25540.02,25381.38,25502.18
8/7/2018,25551.65,25692.72,25551.65,25628.91
8/8/2018,25615.72,25634.11,25557.48,25583.75
8/9/2018,25589.79,25613.31,25492.69,25509.23
8/10/2018,25401.19,25401.19,25222.88,25313.14
8/13/2018,25327.19,25381.39,25153.93,25187.7
8/14/2018,25215.69,25339.51,25201.87,25299.92
8/15/2018,25235.37,25235.37,24965.77,25162.41
8/16/2018,25294.97,25607.34,25294.97,25558.73
8/17/2018,25550.8,25728.16,25521.66,25669.32
8/20/2018,25727.7,25790.17,25716.41,25758.69
8/21/2018,25786.99,25888.82,25784.9,25822.29
8/22/2018,25825.06,25836.16,25722.43,25733.6
8/23/2018,25714.86,25762.56,25608.02,25656.98
8/24/2018,25688.58,25826.05,25688.58,25790.35
8/27/2018,25882.71,26067.57,25882.71,26049.64
8/28/2018,26092.7,26122.24,26037.85,26064.02
8/29/2018,26082.53,26167.94,26035.3,26124.57
8/30/2018,26099.01,26104.37,25934.8,25986.92
8/31/2018,25964.85,26028.83,25879.77,25964.82
9/4/2018,25916.07,25971.77,25805.95,25952.48
9/5/2018,25919.84,26011.22,25871.04,25974.99
9/6/2018,25973.02,26073.68,25880.84,25995.87
9/7/2018,25951.02,26002.99,25818.39,25916.54
9/10/2018,25991.91,26039.96,25854.13,25857.07
9/11/2018,25841.14,26019.92,25754.32,25971.06
9/12/2018,25989.07,26145.72,25929.43,25998.92
9/13/2018,26083.94,26191.64,26067.08,26145.99
9/14/2018,26169.56,26211.11,26068.29,26154.67
9/17/2018,26151.66,26184.47,26030.35,26062.12
9/18/2018,26076.21,26317.34,26076.21,26246.96
9/19/2018,26287.84,26464.41,26280.76,26405.76
9/20/2018,26519.39,26697.49,26519.39,26656.98
9/21/2018,26726.25,26769.16,26680.37,26743.5
9/24/2018,26705.25,26709.94,26548.68,26562.05
9/25/2018,26601.58,26634.85,26475.58,26492.21
9/26/2018,26536.86,26606.09,26349.34,26385.28
9/27/2018,26418.27,26557.01,26379.95,26439.93
9/28/2018,26407.66,26515.76,26383.57,26458.31
10/1/2018,26598.36,26737.98,26596.05,26651.21
10/2/2018,26648.91,26824.78,26627.66,26773.94
10/3/2018,26833.47,26951.81,26789.08,26828.39
10/4/2018,26784.08,26793.82,26471.61,26627.48
10/5/2018,26632.77,26676.16,26301.81,26447.05
10/8/2018,26399.45,26529.35,26223.09,26486.78
10/9/2018,26469.19,26539.94,26324.16,26430.57
10/10/2018,26441.73,26441.73,25593.65,25598.74
10/11/2018,25518.39,25683.64,24899.77,25052.83
10/12/2018,25407.63,25467.55,25000.83,25339.99
10/15/2018,25332.46,25482.42,25243.88,25250.55
10/16/2018,25351.53,25817.68,25351.53,25798.42
10/17/2018,25705.87,25810.09,25479.16,25706.68
10/18/2018,25645.56,25691.46,25236.01,25379.45
10/19/2018,25421.09,25608.71,25350.02,25444.34
10/22/2018,25492.14,25561.34,25236.05,25317.41
10/23/2018,25038.46,25307.7,24768.79,25191.43
10/24/2018,25172.88,25306.23,24533.19,24583.42
10/25/2018,24736.54,25104.29,24645.56,24984.55
10/26/2018,24770.25,24916.16,24445.19,24688.31
10/29/2018,24818.98,25040.58,24122.23,24442.92
10/30/2018,24482.04,24906.68,24415.69,24874.64
10/31/2018,25008.82,25336.55,25008.82,25115.76
11/1/2018,25142.08,25396.47,25108.11,25380.74
11/2/2018,25443.6,25578.98,25078.72,25270.83
11/5/2018,25261.47,25507.35,25261.47,25461.7
11/6/2018,25452.83,25651.86,25444.9,25635.01
11/7/2018,25788.46,26200.14,25765.88,26180.3
11/8/2018,26139.59,26277.82,26081.9,26191.22
11/9/2018,26149.11,26161.49,25882.91,25989.3
11/12/2018,25959.33,25966.71,25340.51,25387.18
11/13/2018,25321.21,25511.03,25193.78,25286.49
11/14/2018,25388.08,25501.29,24935.82,25080.5
11/15/2018,25061.48,25354.56,24787.79,25289.27
11/16/2018,25242.35,25510.23,25147.8,25413.22
11/19/2018,25392.61,25392.61,24900.98,25017.44
11/20/2018,24618.68,24707.26,24368.98,24465.64
11/21/2018,24541.65,24669.79,24463.28,24464.69
11/23/2018,24336.4,24408.8,24268.74,24285.95
11/26/2018,24364.13,24673.29,24364.13,24640.24
11/27/2018,24557.02,24750.73,24416.03,24748.73
11/28/2018,24832.84,25368.93,24832.84,25366.43
11/29/2018,25343.65,25479.04,25202.79,25338.84
11/30/2018,25307.14,25549.71,25250.97,25538.46
12/3/2018,25779.57,25980.21,25670.51,25826.43
12/4/2018,25752.56,25773.12,25008.11,25027.07
12/6/2018,24737.42,24951.01,24242.22,24947.67
12/7/2018,24918.82,25095.62,24284.78,24388.95
12/10/2018,24360.95,24500.81,23881.37,24423.26
12/11/2018,24719.91,24791.26,24221.06,24370.24
12/12/2018,24509.09,24828.29,24509.09,24527.27
12/13/2018,24575.86,24740.96,24473.29,24597.38
12/14/2018,24408.04,24431.14,24033.79,24100.51
12/17/2018,23986.83,24088.08,23456.88,23592.98
12/18/2018,23769.13,23927.77,23516.02,23675.64
12/19/2018,23693.33,24057.34,23162.64,23323.66
12/20/2018,23224.12,23282.2,22644.31,22859.6
12/21/2018,22871.74,23254.59,22396.34,22445.37
12/24/2018,22317.28,22339.87,21792.2,21792.2
12/26/2018,21857.73,22878.92,21712.53,22878.45
12/27/2018,22629.06,23138.89,22267.42,23138.82
12/28/2018,23213.61,23381.88,22981.33,23062.4
12/31/2018,23153.94,23333.18,23118.3,23327.46
1/2/2019,23058.61,23413.47,22928.59,23346.24
1/3/2019,23176.39,23176.39,22638.41,22686.22
1/4/2019,22894.92,23518.64,22894.92,23433.16
1/7/2019,23474.26,23687.74,23301.59,23531.35
1/8/2019,23680.32,23864.65,23581.45,23787.45
1/9/2019,23844.27,23985.45,23776.56,23879.12
1/10/2019,23811.11,24014.78,23703.25,24001.92
1/11/2019,23940.01,23996.32,23798.16,23995.95
1/14/2019,23880.53,23964.9,23765.24,23909.84
1/15/2019,23914.11,24099.14,23887.93,24065.59
1/16/2019,24139.91,24288.61,24119.72,24207.16
1/17/2019,24147.09,24474.46,24088.9,24370.1
1/18/2019,24534.19,24750.22,24459.03,24706.35
1/22/2019,24607.76,24607.76,24244.31,24404.48
1/23/2019,24577.25,24700.98,24307.17,24575.62
1/24/2019,24579.96,24626.3,24422.73,24553.24
1/25/2019,24687.21,24860.15,24676.75,24737.2
1/28/2019,24596.98,24596.98,24323.94,24528.22
1/29/2019,24519.62,24674.87,24504.04,24579.96
1/30/2019,24826.52,25109.62,24790.9,25014.86
1/31/2019,24954.48,25049.62,24842.09,24999.67
2/1/2019,25025.31,25193.15,24982.49,25063.89
2/4/2019,25062.12,25239.91,24977.67,25239.37
2/5/2019,25287.93,25427.32,25287.65,25411.52
2/6/2019,25371.57,25439.04,25312.06,25390.3
2/7/2019,25265.81,25314.26,25000.52,25169.53
2/8/2019,25042.36,25106.39,24883.04,25106.33
2/11/2019,25142.81,25196.75,25009.1,25053.11
2/12/2019,25152.03,25458.98,25152.03,25425.76
2/13/2019,25480.86,25625.95,25480.86,25543.27
2/14/2019,25460.65,25558.9,25308.09,25439.39
2/15/2019,25564.63,25883.72,25564.63,25883.25
2/19/2019,25849.85,25961.44,25820.01,25891.32
2/20/2019,25872.26,25986.2,25846.48,25954.44
2/21/2019,25922.41,25938.88,25762.21,25850.63
2/22/2019,25906.27,26052.9,25906.27,26031.81
2/25/2019,26126.15,26241.42,26080.66,26091.95
2/26/2019,26051.61,26155.29,25966.01,26057.98
2/27/2019,25995.6,26039.68,25877.24,25985.16
2/28/2019,25984.28,26029.21,25896.56,25916
3/1/2019,26019.67,26143.92,25914.37,26026.32
3/4/2019,26122.19,26155.98,25611.55,25819.65
3/5/2019,25829.07,25877.15,25725.63,25806.63
3/6/2019,25818.76,25837.61,25633.71,25673.46
3/7/2019,25645.45,25645.45,25352.55,25473.23
3/8/2019,25347.38,25466.14,25252.46,25450.24
3/11/2019,25208,25661.63,25208,25650.88
3/12/2019,25600.3,25675.44,25522.17,25554.66
3/13/2019,25637.23,25776.49,25571.31,25702.89
3/14/2019,25692.31,25752.84,25621.31,25709.94
3/15/2019,25720.96,25927.91,25649.7,25848.87
3/18/2019,25801.88,25924.77,25785.66,25914.1
3/19/2019,25987.87,26109.68,25814.92,25887.38
3/20/2019,25867.79,25929.52,25670.63,25745.67
3/21/2019,25688.44,26009.9,25657.78,25962.51
3/22/2019,25844.65,25877.01,25501.45,25502.32
3/25/2019,25490.72,25603.27,25372.26,25516.83
3/26/2019,25649.56,25796.29,25544.78,25657.73
3/27/2019,25676.34,25758.17,25425.27,25625.59
3/28/2019,25693.32,25743.41,25576.69,25717.46
3/29/2019,25827.31,25949.32,25771.67,25928.68
4/1/2019,26075.1,26280.9,26071.69,26258.42
4/2/2019,26213.55,26221.24,26122.31,26179.13
4/3/2019,26238.03,26282.17,26138.47,26218.13
4/4/2019,26213.42,26398.9,26212.78,26384.63
4/5/2019,26427.56,26487.57,26370.82,26424.99
4/8/2019,26312.67,26344.65,26246.03,26341.02
4/9/2019,26243.54,26246.34,26103.14,26150.58
4/10/2019,26173.71,26209.49,26101.24,26157.16
4/11/2019,26188.21,26229.88,26062.59,26143.05
4/12/2019,26357.79,26436.68,26309.72,26412.3
4/15/2019,26407.76,26424.85,26316.42,26384.77
4/16/2019,26482.19,26530.71,26397.19,26452.66
4/17/2019,26468.53,26501.02,26391.86,26449.54
4/18/2019,26463.37,26602.42,26444.53,26559.54
4/22/2019,26510.77,26553.05,26458.61,26511.05
4/23/2019,26513.83,26695.96,26503.56,26656.39
4/24/2019,26652.56,26680.58,26582.86,26597.05
4/25/2019,26426.37,26536.48,26310.28,26462.08
4/26/2019,26454.62,26543.56,26392.55,26543.33
4/29/2019,26559.87,26602.54,26520.75,26554.39
4/30/2019,26594.56,26614.04,26419.47,26592.91
5/1/2019,26639.06,26689.39,26426.38,26430.14
5/2/2019,26407.15,26454.69,26180.36,26307.79
5/3/2019,26379.14,26534.96,26370.09,26504.95
5/6/2019,26160.62,26476.27,26033.95,26438.48
5/7/2019,26276.9,26276.9,25789.71,25965.09
5/8/2019,25933.79,26118.1,25889.41,25967.33
5/9/2019,25878.85,25884.89,25517.39,25828.36
5/10/2019,25763.72,26019.32,25469.86,25942.37
5/13/2019,25568.06,25568.06,25222.51,25324.99
5/14/2019,25384.03,25688.96,25384.03,25532.05
5/15/2019,25400.13,25724.89,25341.94,25648.02
5/16/2019,25692.14,25957.63,25692.14,25862.68
5/17/2019,25719.95,25948.74,25657.78,25764
5/20/2019,25655.31,25751.71,25560.55,25679.9
5/21/2019,25782.34,25898.27,25779.61,25877.33
5/22/2019,25818.46,25878.21,25755.11,25776.61
5/23/2019,25657.99,25657.99,25328.09,25490.47
5/24/2019,25551.07,25670.81,25496.2,25585.69
5/28/2019,25616.55,25717.63,25342.28,25347.77
5/29/2019,25231.46,25231.46,24938.24,25126.41
5/30/2019,25139.94,25218.54,25066.75,25169.88
5/31/2019,25046.31,25046.31,24809.51,24815.04
6/3/2019,24830.16,24935.21,24680.57,24819.78
6/4/2019,24962.82,25343.77,24962.82,25332.18
6/5/2019,25451,25544.66,25373.58,25539.57
6/6/2019,25567.45,25800.3,25518.05,25720.66
6/7/2019,25768.72,26072.75,25768.72,25983.94
6/10/2019,26090.22,26210.61,26054.31,26062.68
6/11/2019,26180.59,26248.67,25998.87,26048.51
6/12/2019,26040.3,26082.1,25958.66,26004.83
6/13/2019,26036.94,26146.91,25995.71,26106.77
6/14/2019,26076.36,26162.28,25988.09,26089.61
6/17/2019,26108.53,26165.78,26049.8,26112.53
6/18/2019,26228.88,26527.19,26227.76,26465.54
6/19/2019,26490.16,26569.75,26415.05,26504
6/20/2019,26665.38,26798.63,26539.69,26753.17
6/21/2019,26749.12,26907.37,26705.87,26719.13
6/24/2019,26727.61,26806.52,26723.37,26727.54
6/25/2019,26731.61,26752.31,26527.66,26548.22
6/26/2019,26599.42,26660.04,26536.33,26536.82
6/27/2019,26523.72,26607.24,26465.32,26526.58
6/28/2019,26605.93,26638.35,26522.27,26599.96
7/1/2019,26805.86,26890.64,26616.21,26717.43
7/2/2019,26719.53,26787.56,26632.65,26786.68
7/3/2019,26832.32,26966,26831.44,26966
7/5/2019,26867.75,26950.81,26733.33,26922.12
7/8/2019,26835.64,26839.14,26744.87,26806.14
7/9/2019,26725.12,26807.7,26665.57,26783.49
7/10/2019,26851.96,26983.45,26813.11,26860.2
7/11/2019,26950.16,27088.45,26916.32,27088.08
7/12/2019,27139.49,27333.79,27135.45,27332.03
7/15/2019,27364.69,27364.69,27294.17,27359.16
7/16/2019,27349.32,27398.68,27290.24,27335.63
7/17/2019,27320.91,27343.06,27218.38,27219.85
7/18/2019,27191.98,27266.81,27068.79,27222.97
7/19/2019,27246.38,27342.96,27145.78,27154.2
7/22/2019,27174.18,27227.77,27088.9,27171.9
7/23/2019,27231.86,27368.81,27204.58,27349.19
7/24/2019,27262.24,27291.04,27191.12,27269.97
7/25/2019,27247.39,27298.43,27062.48,27140.98
7/26/2019,27166,27213.7,27123.25,27192.45
7/29/2019,27192.24,27275.85,27178.06,27221.35
7/30/2019,27145.39,27224.36,27069.86,27198.02
7/31/2019,27244.67,27281.65,26719.6,26864.27
8/1/2019,26879.86,27175.59,26548.71,26583.42
8/2/2019,26528.66,26570.02,26249.22,26485.01
8/5/2019,26259.23,26259.23,25523.38,25717.74
8/6/2019,25810.62,26038.68,25710.87,26029.52
8/7/2019,25814.22,26073.21,25440.39,26007.07
8/8/2019,26086.52,26383.61,26038.1,26378.19
8/9/2019,26337.09,26413.36,26097.64,26287.44
8/12/2019,26169.91,26178.95,25824.94,25907.37
8/13/2019,25888.88,26426.97,25833.25,26279.91
8/14/2019,26035.08,26035.08,25471.59,25479.42
8/15/2019,25514.25,25639.69,25339.6,25579.39
8/16/2019,25678.17,25929.65,25678.17,25886.01
8/19/2019,26020.06,26222.32,26020.06,26135.79
8/20/2019,26086.86,26160.12,25952,25962.44
8/21/2019,26145.36,26268.32,26141.77,26202.73
8/22/2019,26271.64,26388.78,26099.01,26252.24
8/23/2019,26134.21,26320.29,25507.18,25628.9
8/26/2019,25826.05,25941.25,25716.39,25898.83
8/27/2019,26014.46,26054.02,25721.85,25777.9
8/28/2019,25712.99,26041.57,25637.43,26036.1
8/29/2019,26249.09,26408.84,26185.71,26362.25
8/30/2019,26476.39,26514.62,26295.59,26403.28
9/3/2019,26198.26,26198.26,25978.22,26118.02
9/4/2019,26301.99,26362.35,26244.44,26355.47
9/5/2019,26603.15,26836.3,26603.15,26728.15
9/6/2019,26790.25,26860.87,26708.39,26797.46
9/9/2019,26866.23,26900.83,26762.18,26835.51
9/10/2019,26805.83,26909.43,26717.05,26909.43
9/11/2019,26928.05,27137.04,26885.48,27137.04
9/12/2019,27197.32,27306.73,27105.01,27182.45
9/13/2019,27216.67,27277.55,27193.95,27219.52
9/16/2019,27146.06,27172.87,27032.56,27076.82
9/17/2019,27010.12,27110.8,26984.14,27110.8
9/18/2019,27075.39,27161.93,26899.15,27147.08
9/19/2019,27186.05,27272.17,27064.21,27094.79
9/20/2019,27102.18,27194.75,26926.68,26935.07
9/23/2019,26851.45,27011.07,26831.34,26949.99
9/24/2019,27034.07,27079.68,26704.96,26807.77
9/25/2019,26866.71,27016.56,26755.86,26970.71
9/26/2019,27004.11,27015.07,26803.84,26891.12
9/27/2019,26987.26,27012.54,26715.82,26820.25
9/30/2019,26852.33,26998.86,26852.33,26916.83
10/1/2019,26962.54,27046.21,26562.22,26573.04
10/2/2019,26425.86,26438.04,25974.12,26078.62
10/3/2019,26039.02,26205.2,25743.46,26201.04
10/4/2019,26271.7,26590.74,26271.7,26573.72
10/7/2019,26502.33,26655.84,26424.54,26478.02
10/8/2019,26276.59,26421.81,26139.8,26164.04
10/9/2019,26308.23,26424.31,26249.75,26346.01
10/10/2019,26317.35,26603.31,26314.51,26496.67
10/11/2019,26694.2,27013.97,26694.2,26816.59
10/14/2019,26766.43,26874.33,26749.18,26787.36
10/15/2019,26811.2,27120.11,26811.2,27024.8
10/16/2019,26972.31,27058.34,26943.29,27001.98
10/17/2019,27032.38,27112.16,26970.29,27025.88
10/18/2019,27004.49,27018.25,26770.13,26770.2
10/21/2019,26852.67,26852.67,26747.62,26827.64
10/22/2019,26850.43,26946.64,26782.61,26788.1
10/23/2019,26835.24,26896.89,26745,26833.95
10/24/2019,26893.93,26931.78,26714.34,26805.53
10/25/2019,26789.61,27015.37,26765.68,26958.06
10/28/2019,27040.33,27167.88,27028.71,27090.72
10/29/2019,27061.07,27165.94,27039.76,27071.42
10/30/2019,27110.71,27204.36,26999.64,27186.69
10/31/2019,27188.37,27188.37,26918.29,27046.23
11/1/2019,27142.95,27347.43,27142.95,27347.36
11/4/2019,27402.06,27517.58,27402.06,27462.11
11/5/2019,27500.23,27560.36,27453.55,27492.63
11/6/2019,27502.74,27526.05,27407.81,27492.56
11/7/2019,27590.16,27774.67,27590.16,27674.8
11/8/2019,27686.2,27694.95,27578.97,27681.24
11/11/2019,27580.66,27714.39,27517.67,27691.49
11/12/2019,27701.59,27770.86,27635.32,27691.49
11/13/2019,27622.04,27806.4,27587.2,27783.59
11/14/2019,27757.2,27800.71,27676.97,27781.96
11/15/2019,27843.54,28004.89,27843.54,28004.89
11/18/2019,27993.22,28040.97,27969.24,28036.22
11/19/2019,28079.76,28090.21,27894.52,27934.02
11/20/2019,27879.55,27897.28,27675.28,27821.09
11/21/2019,27820.28,27828.33,27708.34,27766.29
11/22/2019,27831.23,27898.46,27773.98,27875.62
11/25/2019,27917.77,28068.69,27917.77,28066.47
11/26/2019,28080.75,28146.02,28042.21,28121.68
11/27/2019,28156.47,28174.97,28075.23,28164
11/29/2019,28103.16,28119.51,28042.53,28051.41
12/2/2019,28109.74,28109.84,27782.35,27783.04
12/3/2019,27501.98,27524.74,27325.13,27502.81
12/4/2019,27634.63,27727.45,27612.08,27649.78
12/5/2019,27736.05,27745.2,27562.8,27677.79
12/6/2019,27839.68,28035.85,27839.68,28015.06
12/9/2019,27987.05,28010.42,27906.14,27909.6
12/10/2019,27900.65,27949.02,27804,27881.72
12/11/2019,27867.31,27925.5,27801.8,27911.3
12/12/2019,27898.34,28224.95,27859.87,28132.05
12/13/2019,28123.64,28290.73,28028.32,28135.38
12/16/2019,28191.67,28337.49,28191.67,28235.89
12/17/2019,28221.75,28328.63,28220.56,28267.16
12/18/2019,28291.44,28323.25,28239.28,28239.28
12/19/2019,28278.31,28381.48,28278.24,28376.96
12/20/2019,28608.64,28608.64,28445.6,28455.09
12/23/2019,28491.78,28582.49,28491.78,28551.53
12/24/2019,28572.57,28576.8,28503.21,28515.45
12/26/2019,28539.46,28624.1,28535.15,28621.39
12/27/2019,28675.34,28701.66,28608.98,28645.26
12/30/2019,28654.76,28664.69,28428.98,28462.14
12/31/2019,28414.64,28547.35,28376.49,28538.44
1/2/2020,28638.97,28872.8,28627.77,28868.8
1/3/2020,28553.33,28716.31,28500.36,28634.88
1/6/2020,28465.5,28708.02,28418.63,28703.38
1/7/2020,28639.18,28685.5,28565.28,28583.68
1/8/2020,28556.14,28866.18,28522.51,28745.09
1/9/2020,28851.97,28988.01,28844.31,28956.9
1/10/2020,28977.52,29009.07,28789.1,28823.77
1/13/2020,28869.01,28909.91,28819.43,28907.05
1/14/2020,28895.5,29054.16,28872.27,28939.67
1/15/2020,28901.8,29127.59,28897.35,29030.22
1/16/2020,29131.95,29300.32,29131.95,29297.64
1/17/2020,29313.31,29373.62,29289.91,29348.1
1/21/2020,29269.05,29341.21,29146.47,29196.04
1/22/2020,29263.63,29320.2,29172.26,29186.27
1/23/2020,29111.02,29190.47,28966.98,29160.09
1/24/2020,29230.39,29288.79,28843.31,28989.73
1/27/2020,28542.49,28671.79,28440.47,28535.8
1/28/2020,28594.28,28823.23,28575.75,28722.85
1/29/2020,28820.53,28944.24,28728.19,28734.45
1/30/2020,28640.16,28879.71,28489.76,28859.44
1/31/2020,28813.04,28813.04,28169.53,28256.03
2/3/2020,28319.65,28630.39,28319.65,28399.81
2/4/2020,28696.74,28904.88,28696.74,28807.63
2/5/2020,29048.73,29308.89,29000.85,29290.85
2/6/2020,29388.58,29408.05,29246.93,29379.77
2/7/2020,29286.92,29286.92,29056.98,29102.51
2/10/2020,28995.66,29278.07,28995.66,29276.82
2/11/2020,29390.71,29415.39,29210.47,29276.34
2/12/2020,29406.75,29568.57,29406.75,29551.42
2/13/2020,29436.03,29535.4,29345.93,29423.31
2/14/2020,29440.47,29463.04,29283.18,29398.08
2/17/2020,29398.08,29398.08,29398.08,29398.08
2/18/2020,29282.78,29330.16,29116.81,29232.19
2/19/2020,29312.7,29409.09,29274.38,29348.03
2/20/2020,29296.25,29368.45,28959.65,29219.98
2/21/2020,29146.53,29146.53,28892.7,28992.41
2/24/2020,28402.93,28402.93,27912.44,27960.8
2/25/2020,28037.65,28149.2,26997.62,27081.36
2/26/2020,27159.46,27542.78,26890.97,26957.59
2/27/2020,26526,26775.31,25752.82,25766.64
2/28/2020,25270.83,25494.24,24681.01,25409.36
3/2/2020,25590.51,26706.17,25391.96,26703.32
3/3/2020,26762.47,27084.59,25706.28,25917.41
3/4/2020,26383.68,27102.34,26286.31,27090.86
3/5/2020,26671.92,26671.92,25943.33,26121.28
3/6/2020,25457.21,25994.38,25226.62,25864.78
3/9/2020,24992.36,24992.36,23706.07,23851.02
3/10/2020,24453,25020.99,23690.34,25018.16
3/11/2020,24604.63,24604.63,23328.32,23553.22
3/12/2020,22184.71,22837.95,21154.46,21200.62
3/13/2020,21973.82,23189.76,21285.37,23185.62
3/16/2020,20917.53,21768.28,20116.46,20188.52
3/17/2020,20487.05,21379.35,19882.26,21237.38
3/18/2020,20188.69,20489.33,18917.46,19898.92
3/19/2020,19830.01,20442.63,19177.13,20087.19
3/20/2020,20253.15,20531.26,19094.27,19173.98
3/23/2020,19028.36,19121.01,18213.65,18591.93
3/24/2020,19722.19,20737.7,19649.25,20704.91
3/25/2020,21050.34,22019.93,20538.34,21200.55
3/26/2020,21468.38,22595.06,21427.1,22552.17
3/27/2020,21898.47,22327.57,21469.27,21636.78
3/30/2020,21678.22,22378.09,21522.08,22327.48
3/31/2020,22208.42,22480.37,21852.08,21917.16
4/1/2020,21227.38,21487.24,20784.43,20943.51
4/2/2020,20819.46,21477.77,20735.02,21413.44
4/3/2020,21285.93,21447.81,20863.09,21052.53
4/6/2020,21693.63,22783.45,21693.63,22679.99
4/7/2020,23537.44,23617.24,22634.45,22653.86
4/8/2020,22893.47,23513.4,22682.99,23433.57
4/9/2020,23690.66,24008.99,23504.09,23719.37
4/13/2020,23698.93,23698.93,23095.35,23390.77
4/14/2020,23690.57,24040.58,23683.44,23949.76
4/15/2020,23600.72,23649.72,23233.32,23504.35
4/16/2020,23543.66,23598.08,23211.38,23537.68
4/17/2020,23817.15,24264.21,23817.15,24242.49
4/20/2020,24095.1,24108.69,23627.19,23650.44
4/21/2020,23365.25,23365.25,22941.88,23018.88
4/22/2020,23437.34,23613.1,23339.6,23475.82
4/23/2020,23543.09,23885.36,23483.35,23515.26
4/24/2020,23628.24,23826,23417.68,23775.27
4/27/2020,23866.15,24207.65,23840.61,24133.78
4/28/2020,24357.17,24512.24,24031.2,24101.55
4/29/2020,24490.37,24764.77,24453.99,24633.86
4/30/2020,24585.57,24585.57,24186.9,24345.72
5/1/2020,24120.78,24120.78,23645.3,23723.69
5/4/2020,23581.55,23769.56,23361.16,23749.76
5/5/2020,23958.88,24169.72,23868.91,23883.09
5/6/2020,23978.88,24054.59,23661.14,23664.64
5/7/2020,23837.21,24094.62,23834.39,23875.89
5/8/2020,24107.82,24349.9,24107.05,24331.32
5/11/2020,24256.45,24366.21,24070.22,24221.99
5/12/2020,24292.84,24382.09,23761.58,23764.78
5/13/2020,23702.16,23708.9,23067.64,23247.97
5/14/2020,23049.06,23630.86,22789.62,23625.34
5/15/2020,23454.83,23730.08,23354.15,23685.42
5/18/2020,24059.98,24708.54,24059.98,24597.37
5/19/2020,24577.48,24599.5,24202.96,24206.86
5/20/2020,24455.94,24649.48,24455.94,24575.9
5/21/2020,24564.27,24718.46,24370.88,24474.12
5/22/2020,24461.98,24481.64,24294.07,24465.16
5/26/2020,24781.84,25176.42,24781.84,24995.11
5/27/2020,25298.63,25551.56,25009.87,25548.27
5/28/2020,25697.36,25758.79,25358.73,25400.64
5/29/2020,25324.15,25482.8,25031.67,25383.11
6/1/2020,25342.99,25508.83,25220.66,25475.02
6/2/2020,25582.52,25743.13,25523.74,25742.65
6/3/2020,25906.88,26337.75,25906.88,26269.89
6/4/2020,26226.49,26384.1,26082.31,26281.82
6/5/2020,26836.8,27338.3,26836.8,27110.98
6/8/2020,27232.93,27580.21,27232.48,27572.44
6/9/2020,27447.37,27447.37,27151.06,27272.3
6/10/2020,27251.89,27355.22,26938.05,26989.99
6/11/2020,26282.51,26294.08,25082.72,25128.17
6/12/2020,25659.42,25965.55,25078.41,25605.54
6/15/2020,25270.39,25891.58,24843.18,25763.16
6/16/2020,26326.68,26611.03,25811.7,26289.98
6/17/2020,26330.52,26400.07,26068.41,26119.61
6/18/2020,26016.45,26154.2,25848.53,26080.1
6/19/2020,26213.1,26451.44,25759.66,25871.46
6/22/2020,25865.08,26059.81,25667.68,26024.96
6/23/2020,26159.39,26314.97,26105.97,26156.1
6/24/2020,25992.96,25992.96,25296.73,25445.94
6/25/2020,25365.22,25769.61,25209.79,25745.6
6/26/2020,25641.69,25641.69,24971.03,25015.55
6/29/2020,25152.45,25601.15,25096.16,25595.8
6/30/2020,25512.43,25905.38,25475.14,25812.88
7/1/2020,25879.38,26019.31,25713.61,25734.97
7/2/2020,25936.45,26204.41,25778.12,25827.36
7/6/2020,25996.08,26297.53,25996.08,26287.03
7/7/2020,26172.01,26174.93,25866.58,25890.18
7/8/2020,25950.06,26109.49,25816.25,26067.28
7/9/2020,26094.92,26103.28,25523.51,25706.09
7/10/2020,25690.35,26101.32,25637.5,26075.3
7/13/2020,26225.07,26639.09,26044.23,26085.8
7/14/2020,26044.17,26690.52,25994.98,26642.59
7/15/2020,27009.81,27071.33,26692.48,26870.1
7/16/2020,26746.57,26879.16,26590.01,26734.71
7/17/2020,26774.62,26808.43,26619.88,26671.95
7/20/2020,26660.29,26765.02,26504.2,26680.87
7/21/2020,26833.14,27025.38,26766.22,26840.4
7/22/2020,26824.56,27035.24,26794.19,27005.84
7/23/2020,26955.97,26973.85,26560.04,26652.33
7/24/2020,26533.41,26625.7,26402.86,26469.89
7/27/2020,26447.67,26625.46,26426.92,26584.77
7/28/2020,26529.45,26556.84,26361.71,26379.28
7/29/2020,26388.44,26602.45,26375.39,26539.57
7/30/2020,26367.42,26374.93,25992.28,26313.65
7/31/2020,26409.33,26440.02,26013.59,26428.32
8/3/2020,26542.32,26707.26,26534.38,26664.4
8/4/2020,26664.61,26832.72,26597.82,26828.47
8/5/2020,26924.78,27221.67,26924.78,27201.52
8/6/2020,27170.82,27394.1,27145.25,27386.98
8/7/2020,27321.68,27456.24,27223.55,27433.48
8/10/2020,27488.21,27803.86,27488.21,27791.44
8/11/2020,27961.64,28154.88,27624.51,27686.91
8/12/2020,27860.24,28043.89,27843.32,27976.84
8/13/2020,27922.51,27986.1,27789.78,27896.72
8/14/2020,27828.93,27977.81,27759.39,27931.02
8/17/2020,27970.05,27999.81,27816.4,27844.91
8/18/2020,27853.48,27891.12,27668.79,27778.07
8/19/2020,27811.26,27920.42,27647.67,27692.88
8/20/2020,27622.68,27781.46,27526.25,27739.73
8/21/2020,27758.13,27959.48,27686.78,27930.33
8/24/2020,28077.58,28314.94,28041.75,28308.46
8/25/2020,28347.42,28400.74,28094.57,28248.44
8/26/2020,28257.88,28353.8,28153.91,28331.92
8/27/2020,28384.07,28634.22,28363.93,28492.27
8/28/2020,28601.29,28733.35,28487.98,28653.87
8/31/2020,28643.66,28643.66,28363.55,28430.05
9/1/2020,28439.61,28659.26,28290.72,28645.66
9/2/2020,28736.79,29162.88,28713.53,29100.5
9/3/2020,29090.7,29199.35,28074.76,28292.73
9/4/2020,28341.05,28539.75,27664.68,28133.31
9/8/2020,27925.23,27925.23,27464.9,27500.89
9/9/2020,27711.71,28206.21,27704.54,27940.47
9/10/2020,28022.51,28174.78,27447.08,27534.58
9/11/2020,27613.86,27828.82,27448.15,27665.64
9/14/2020,27718.74,28086.06,27718.74,27993.33
9/15/2020,28139.76,28231.06,27931.45,27995.6
9/16/2020,28031.69,28364.77,28021.67,28032.38
9/17/2020,27834.18,28056.79,27647.93,27901.98
9/18/2020,27864.87,27946.69,27487.97,27657.42
9/21/2020,27484.71,27484.71,26715.15,27147.7
9/22/2020,27170.34,27333.09,26989.93,27288.18
9/23/2020,27413.6,27464.46,26716.12,26763.13
9/24/2020,26716.09,27094.85,26537.01,26815.44
9/25/2020,26694.51,27239.29,26635.38,27173.96
9/28/2020,27362.14,27722.6,27362.14,27584.06
9/29/2020,27560.24,27605.6,27338.09,27452.66
9/30/2020,27514.64,28026.33,27511.06,27781.7
10/1/2020,27940.63,28041.46,27669.26,27816.9
10/2/2020,27536.39,27861.43,27382.94,27682.81
10/5/2020,27825.42,28162.64,27825.42,28148.64
10/6/2020,28214.24,28354.48,27728.03,27772.76
10/7/2020,27971.36,28369.66,27971.36,28303.46
10/8/2020,28348.86,28459.13,28265.56,28425.51
10/9/2020,28533.61,28676.29,28440.63,28586.9
10/12/2020,28671.12,28957.9,28659.67,28837.52
10/13/2020,28764.95,28808.84,28604.35,28679.81
10/14/2020,28731.3,28792.56,28461.73,28514
10/15/2020,28323.4,28535.85,28181.54,28494.2
10/16/2020,28570.72,28842.9,28570.72,28606.31
10/19/2020,28633.55,28711.93,28139.4,28195.42
10/20/2020,28245.85,28575.03,28243.04,28308.79
10/21/2020,28270.66,28450.64,28196.39,28210.82
10/22/2020,28197.42,28421.31,28040.18,28363.66
10/23/2020,28409.65,28436.52,28149.82,28335.57
10/26/2020,28185.82,28185.82,27370.16,27685.38
10/27/2020,27651.18,27707.69,27457.96,27463.19
10/28/2020,27102.14,27102.14,26497.39,26519.95
10/29/2020,26480.98,26891.89,26290.78,26659.11
10/30/2020,26572.27,26639.18,26143.77,26501.6
11/2/2020,26691.28,27043.48,26691.28,26925.05
11/3/2020,27138.69,27640.21,27138.69,27480.03
11/4/2020,27512.83,28301.5,27512.83,27847.66
11/5/2020,28083.37,28495.05,28083.37,28390.18
11/6/2020,28399.13,28431.96,28189.5,28323.4
11/9/2020,29467.9,29933.83,29130.66,29157.97
11/10/2020,29254.17,29478.86,29126.99,29420.92
11/11/2020,29524.35,29593.11,29281.22,29397.63
11/12/2020,29231.91,29311.83,28902.13,29080.17
11/13/2020,29203.9,29559.25,29203.9,29479.81
11/16/2020,29672.36,29964.29,29672.36,29950.44
11/17/2020,29800.15,29872.42,29520.29,29783.35
11/18/2020,29875.4,29930.85,29432.84,29438.42
11/19/2020,29370.92,29524.9,29228.38,29483.23
11/20/2020,29437.57,29469.89,29231.2,29263.48
11/23/2020,29332.82,29667.75,29332.82,29591.27
11/24/2020,29746.11,30116.51,29746.11,30046.24
11/25/2020,30058.87,30058.87,29806.25,29872.47
11/27/2020,29911.33,30015.13,29819.98,29910.37
11/30/2020,29854.51,29854.51,29463.64,29638.64
12/1/2020,29797.5,30083.31,29797.5,29823.92
12/2/2020,29695.09,29902.51,29599.29,29883.79
12/3/2020,29920.83,30110.88,29877.27,29969.52
12/4/2020,29989.56,30218.26,29989.56,30218.26
12/7/2020,30233.03,30233.03,29967.22,30069.79
12/8/2020,29997.95,30246.22,29972.07,30173.88
12/9/2020,30229.81,30319.7,29951.85,30068.81
12/10/2020,30032.55,30063.87,29876.82,29999.26
12/11/2020,29988.21,30071.13,29820.84,30046.37
12/14/2020,30123.91,30325.79,29849.15,29861.55
12/15/2020,29919.09,30243.26,29894.95,30199.31
12/16/2020,30191.38,30236.03,30080.11,30154.54
12/17/2020,30216,30323.78,30216,30303.37
12/18/2020,30314.26,30343.59,30029.44,30179.05
12/21/2020,30159,30304.14,29755.53,30216.45
12/22/2020,30200.2,30200.2,29992.89,30015.51
12/23/2020,30046.73,30292.53,30046.73,30129.83
12/24/2020,30155.92,30209.67,30099.3,30199.87
12/28/2020,30283.23,30525.56,30283.23,30403.97
12/29/2020,30492.07,30588.79,30274.24,30335.67
12/30/2020,30415.09,30525.35,30393.04,30409.56
12/31/2020,30417.64,30637.47,30344.5,30606.48
1/4/2021,30627.47,30674.28,29881.82,30223.89
1/5/2021,30204.25,30504.89,30141.78,30391.6
1/6/2021,30362.78,31022.65,30313.07,30829.4
1/7/2021,30901.18,31193.4,30897.86,31041.13
1/8/2021,31069.58,31140.67,30793.27,31097.97
1/11/2021,31015.37,31096.98,30832.06,31008.69
1/12/2021,31015.01,31114.56,30888.76,31068.69
1/13/2021,31084.88,31153.37,30992.05,31060.47
1/14/2021,31085.67,31223.78,30982.24,30991.52
1/15/2021,30926.77,30941.98,30612.67,30814.26
1/19/2021,30887.42,31086.62,30865.03,30930.52
1/20/2021,31017.54,31235.98,30997.79,31188.38
1/21/2021,31198.01,31272.22,31120.92,31176.01
1/22/2021,31141.56,31141.56,30908.47,30996.98
1/25/2021,30989.85,30989.85,30564.06,30960
1/26/2021,30968.55,31121.42,30921.71,30937.04
1/27/2021,30893.78,30893.78,30206.91,30303.17
1/28/2021,30377.19,30951.41,30377.19,30603.36
1/29/2021,30553.91,30553.91,29856.3,29982.62
2/1/2021,30054.73,30335.91,30014.97,30211.91
2/2/2021,30276.88,30840.54,30276.88,30687.48
2/3/2021,30689.65,30793.41,30521.31,30723.6
2/4/2021,30737.78,31065.96,30737.78,31055.86
2/5/2021,31093.81,31252.18,31083.22,31148.24
2/8/2021,31191.2,31386.1,31191.2,31385.76
2/9/2021,31359.88,31439.47,31245.86,31375.83
2/10/2021,31428.02,31511.44,31221.32,31437.8
2/11/2021,31466.49,31543.82,31244.36,31430.7
2/12/2021,31420.8,31475.31,31347.8,31458.4
2/16/2021,31472.08,31608.63,31443.48,31522.75
2/17/2021,31485.61,31643.7,31338.76,31613.02
2/18/2021,31558.6,31558.6,31285.32,31493.34
2/19/2021,31504.13,31647.53,31469.34,31494.32
2/22/2021,31381.12,31653.48,31286.57,31521.69
2/23/2021,31501.89,31653.38,31158.76,31537.35
2/24/2021,31499.75,32009.64,31421.29,31961.86
2/25/2021,31955.94,31984.77,31293.32,31402.01
2/26/2021,31401.29,31450.89,30911.37,30932.37
3/1/2021,31065.9,31668.34,31065.9,31535.51
3/2/2021,31535.37,31623.27,31377.16,31391.52
3/3/2021,31352.96,31563.31,31260.14,31270.09
3/4/2021,31289.01,31461.97,30547.53,30924.14
3/5/2021,31029.18,31580.33,30766.81,31496.3
3/8/2021,31512.15,32148.04,31512.15,31802.44
3/9/2021,31892.35,32150.32,31822.64,31832.74
